{"cameraMode":{"drawMode":0,"name":"Shaded","section":"Shading Mode"},"sceneLighting":true,"audioPlay":false,"sceneViewState":{"m_AlwaysRefresh":false,"showFog":true,"showSkybox":true,"showFlares":true,"showImageEffects":true,"showParticleSystems":true,"showVisualEffectGraphs":true,"m_FxEnabled":true},"in2DMode":false,"pivot":{"x":4.18770694732666,"y":4.583202362060547,"z":4.279492378234863},"rotation":{"x":-0.005089444108307362,"y":-0.9351866841316223,"z":0.35394027829170229,"w":-0.013465491123497486},"size":5.1866583824157719,"orthographic":false}